{
"meta":{"test_sets":[],"test_metrics":[],"learn_metrics":[{"best_value":"Min","name":"RMSE"}],"launch_mode":"Train","parameters":"","iteration_count":100,"learn_sets":["learn"],"name":"experiment"},
"iterations":[
{"learn":[15.8304568],"iteration":0,"passed_time":0.007069849799,"remaining_time":0.6999151301},
{"learn":[14.94548951],"iteration":1,"passed_time":0.01276243155,"remaining_time":0.625359146},
{"learn":[14.09753957],"iteration":2,"passed_time":0.01812716182,"remaining_time":0.5861115655},
{"learn":[13.28977144],"iteration":3,"passed_time":0.02428995803,"remaining_time":0.5829589928},
{"learn":[12.5754962],"iteration":4,"passed_time":0.02938212423,"remaining_time":0.5582603603},
{"learn":[11.97304172],"iteration":5,"passed_time":0.03491469939,"remaining_time":0.5469969571},
{"learn":[11.36908459],"iteration":6,"passed_time":0.04159296796,"remaining_time":0.5525922886},
{"learn":[10.78714473],"iteration":7,"passed_time":0.04698916984,"remaining_time":0.5403754532},
{"learn":[10.25699175],"iteration":8,"passed_time":0.05227989061,"remaining_time":0.5286077829},
{"learn":[9.75905237],"iteration":9,"passed_time":0.05737117869,"remaining_time":0.5163406082},
{"learn":[9.373762403],"iteration":10,"passed_time":0.06244469876,"remaining_time":0.5052343809},
{"learn":[9.017847214],"iteration":11,"passed_time":0.06832009146,"remaining_time":0.501014004},
{"learn":[8.626138844],"iteration":12,"passed_time":0.07320746387,"remaining_time":0.4899268736},
{"learn":[8.319593203],"iteration":13,"passed_time":0.07781520701,"remaining_time":0.4780077002},
{"learn":[8.008617039],"iteration":14,"passed_time":0.08341276877,"remaining_time":0.4726723564},
{"learn":[7.712141511],"iteration":15,"passed_time":0.08971416,"remaining_time":0.47099934},
{"learn":[7.444870733],"iteration":16,"passed_time":0.09565026152,"remaining_time":0.4669983357},
{"learn":[7.155029783],"iteration":17,"passed_time":0.1007221095,"remaining_time":0.4588451656},
{"learn":[6.945799606],"iteration":18,"passed_time":0.1057047596,"remaining_time":0.4506360805},
{"learn":[6.736846858],"iteration":19,"passed_time":0.1113001693,"remaining_time":0.4452006771},
{"learn":[6.539928899],"iteration":20,"passed_time":0.1169874197,"remaining_time":0.4400955314},
{"learn":[6.341700181],"iteration":21,"passed_time":0.1227412659,"remaining_time":0.4351735792},
{"learn":[6.165320515],"iteration":22,"passed_time":0.1282313531,"remaining_time":0.4292962691},
{"learn":[5.992033717],"iteration":23,"passed_time":0.1341755849,"remaining_time":0.4248893522},
{"learn":[5.837518407],"iteration":24,"passed_time":0.1400030823,"remaining_time":0.420009247},
{"learn":[5.71141514],"iteration":25,"passed_time":0.1451837631,"remaining_time":0.4132153256},
{"learn":[5.572976622],"iteration":26,"passed_time":0.1508521093,"remaining_time":0.4078594067},
{"learn":[5.458436055],"iteration":27,"passed_time":0.1559803247,"remaining_time":0.4010922635},
{"learn":[5.350732319],"iteration":28,"passed_time":0.1613356109,"remaining_time":0.3949940818},
{"learn":[5.247302147],"iteration":29,"passed_time":0.1682946457,"remaining_time":0.3926875065},
{"learn":[5.15750265],"iteration":30,"passed_time":0.1735958331,"remaining_time":0.3863907253},
{"learn":[5.047794198],"iteration":31,"passed_time":0.180002053,"remaining_time":0.3825043627},
{"learn":[4.970550919],"iteration":32,"passed_time":0.1851136861,"remaining_time":0.3758368779},
{"learn":[4.88061977],"iteration":33,"passed_time":0.1901436003,"remaining_time":0.3691022828},
{"learn":[4.794565923],"iteration":34,"passed_time":0.1953781786,"remaining_time":0.3628451888},
{"learn":[4.725448506],"iteration":35,"passed_time":0.1998271314,"remaining_time":0.3552482336},
{"learn":[4.6522485],"iteration":36,"passed_time":0.2051918952,"remaining_time":0.3493807945},
{"learn":[4.58832375],"iteration":37,"passed_time":0.2102587783,"remaining_time":0.3430537962},
{"learn":[4.529215527],"iteration":38,"passed_time":0.2147785209,"remaining_time":0.3359356352},
{"learn":[4.468888571],"iteration":39,"passed_time":0.2195173164,"remaining_time":0.3292759746},
{"learn":[4.421834617],"iteration":40,"passed_time":0.2240942013,"remaining_time":0.3224770214},
{"learn":[4.371515972],"iteration":41,"passed_time":0.2296586015,"remaining_time":0.3171475925},
{"learn":[4.33409419],"iteration":42,"passed_time":0.235041601,"remaining_time":0.3115667734},
{"learn":[4.284991931],"iteration":43,"passed_time":0.2394195369,"remaining_time":0.3047157743},
{"learn":[4.221611048],"iteration":44,"passed_time":0.2447238637,"remaining_time":0.2991069446},
{"learn":[4.180524335],"iteration":45,"passed_time":0.2493021522,"remaining_time":0.2926590482},
{"learn":[4.136493679],"iteration":46,"passed_time":0.254385135,"remaining_time":0.2868598331},
{"learn":[4.103033643],"iteration":47,"passed_time":0.2590519454,"remaining_time":0.2806396075},
{"learn":[4.054919629],"iteration":48,"passed_time":0.2635248667,"remaining_time":0.2742809837},
{"learn":[4.028403577],"iteration":49,"passed_time":0.2687235642,"remaining_time":0.2687235642},
{"learn":[3.999139403],"iteration":50,"passed_time":0.2741294314,"remaining_time":0.2633792576},
{"learn":[3.961349722],"iteration":51,"passed_time":0.2797992311,"remaining_time":0.2582762133},
{"learn":[3.931889908],"iteration":52,"passed_time":0.2840561829,"remaining_time":0.2518988791},
{"learn":[3.896897742],"iteration":53,"passed_time":0.2881332425,"remaining_time":0.2454468362},
{"learn":[3.861213798],"iteration":54,"passed_time":0.292416605,"remaining_time":0.2392499495},
{"learn":[3.838127013],"iteration":55,"passed_time":0.2968442982,"remaining_time":0.2332348057},
{"learn":[3.797847748],"iteration":56,"passed_time":0.3017283264,"remaining_time":0.2276196147},
{"learn":[3.77284487],"iteration":57,"passed_time":0.3062915848,"remaining_time":0.2217973545},
{"learn":[3.730006072],"iteration":58,"passed_time":0.3112403117,"remaining_time":0.2162856404},
{"learn":[3.694732344],"iteration":59,"passed_time":0.3159008926,"remaining_time":0.2106005951},
{"learn":[3.691485014],"iteration":60,"passed_time":0.3167709653,"remaining_time":0.2025256991},
{"learn":[3.674393284],"iteration":61,"passed_time":0.318847619,"remaining_time":0.1954227342},
{"learn":[3.647034367],"iteration":62,"passed_time":0.3247785605,"remaining_time":0.1907429641},
{"learn":[3.623851811],"iteration":63,"passed_time":0.3299608582,"remaining_time":0.1856029827},
{"learn":[3.604896522],"iteration":64,"passed_time":0.3346668199,"remaining_time":0.1802052107},
{"learn":[3.590390243],"iteration":65,"passed_time":0.33955079,"remaining_time":0.174920104},
{"learn":[3.57834579],"iteration":66,"passed_time":0.3444997825,"remaining_time":0.1696789974},
{"learn":[3.552841339],"iteration":67,"passed_time":0.349423295,"remaining_time":0.1644344918},
{"learn":[3.529097685],"iteration":68,"passed_time":0.3538280378,"remaining_time":0.1589662199},
{"learn":[3.511653708],"iteration":69,"passed_time":0.3581834591,"remaining_time":0.1535071968},
{"learn":[3.493638739],"iteration":70,"passed_time":0.3627437174,"remaining_time":0.1481629268},
{"learn":[3.478891365],"iteration":71,"passed_time":0.3676622956,"remaining_time":0.1429797816},
{"learn":[3.453339779],"iteration":72,"passed_time":0.3726005126,"remaining_time":0.1378111485},
{"learn":[3.431696927],"iteration":73,"passed_time":0.3777527576,"remaining_time":0.1327239418},
{"learn":[3.412213115],"iteration":74,"passed_time":0.3827566416,"remaining_time":0.1275855472},
{"learn":[3.387708707],"iteration":75,"passed_time":0.3875161017,"remaining_time":0.1223735058},
{"learn":[3.376702664],"iteration":76,"passed_time":0.3917032588,"remaining_time":0.1170022721},
{"learn":[3.357021695],"iteration":77,"passed_time":0.3958076765,"remaining_time":0.1116380626},
{"learn":[3.348211373],"iteration":78,"passed_time":0.4009020094,"remaining_time":0.1065688886},
{"learn":[3.336757376],"iteration":79,"passed_time":0.4052799423,"remaining_time":0.1013199856},
{"learn":[3.319878526],"iteration":80,"passed_time":0.409887154,"remaining_time":0.09614636947},
{"learn":[3.290148322],"iteration":81,"passed_time":0.4153999715,"remaining_time":0.09118535959},
{"learn":[3.285441799],"iteration":82,"passed_time":0.4179656406,"remaining_time":0.08560742037},
{"learn":[3.276089748],"iteration":83,"passed_time":0.4231217805,"remaining_time":0.08059462485},
{"learn":[3.25477569],"iteration":84,"passed_time":0.4277663198,"remaining_time":0.07548817409},
{"learn":[3.238190226],"iteration":85,"passed_time":0.4321374728,"remaining_time":0.0703479607},
{"learn":[3.206869228],"iteration":86,"passed_time":0.4368519886,"remaining_time":0.06527673393},
{"learn":[3.199654596],"iteration":87,"passed_time":0.4413209945,"remaining_time":0.06018013561},
{"learn":[3.185463718],"iteration":88,"passed_time":0.4461793226,"remaining_time":0.05514575897},
{"learn":[3.165835492],"iteration":89,"passed_time":0.4517759045,"remaining_time":0.05019732273},
{"learn":[3.136222987],"iteration":90,"passed_time":0.4562637919,"remaining_time":0.04512499041},
{"learn":[3.108071656],"iteration":91,"passed_time":0.4615014805,"remaining_time":0.04013056352},
{"learn":[3.082406194],"iteration":92,"passed_time":0.4659731766,"remaining_time":0.03507324985},
{"learn":[3.065909625],"iteration":93,"passed_time":0.4708219496,"remaining_time":0.03005246487},
{"learn":[3.055915319],"iteration":94,"passed_time":0.4755562656,"remaining_time":0.02502927714},
{"learn":[3.041734131],"iteration":95,"passed_time":0.4800530745,"remaining_time":0.02000221144},
{"learn":[3.019367606],"iteration":96,"passed_time":0.4843331018,"remaining_time":0.01497937428},
{"learn":[2.999056158],"iteration":97,"passed_time":0.4888701654,"remaining_time":0.009976942151},
{"learn":[2.979434248],"iteration":98,"passed_time":0.493924308,"remaining_time":0.004989134424},
{"learn":[2.970331686],"iteration":99,"passed_time":0.4986128059,"remaining_time":0}
]}